SOC Code,Occupation Title,Star Rating,Employment Estimates 2012,Employment Estimates 2022,Annual Growth Rate,Annual Openings Growth,Annual Openings Replacements,Annual Openings Total,Hourly Wages Inexperienced,Hourly Wages Median,Education,Work Experience,Job Training
00-0000,"Total, All Occupations",,194910,259860,3.3,6510,4510,110170,9.20,14.60,,,
11-0000,Management Occupations,,11600,15350,3.2,380,230,6070,21.60,39.20,,,
11-1000,Top Executives,,4350,5780,3.3,140,80,2260,,,,,
11-1011,Chief Executives,5,510,650,2.7,10,10,250,36.80,77.80,Bachelor's degree,5 years or more,None
11-1021,General and Operations Managers,5,3740,5000,3.4,130,70,1960,19.00,35.00,Bachelor's degree,Less than 5 years,None
11-1031,Legislators,1,100,130,3.3,0,0,60,16860.00,18731.00,Bachelor's degree,Less than 5 years,None
11-2000,"Advertising, Marketing, Promotions, Public Relations, and Sales Managers",,840,1110,3.1,30,20,450,,,,,
11-2011,Advertising and Promotions Managers,,40,50,2.8,0,0,20,20.60,39.30,Bachelor's degree,Less than 5 years,None
11-2021,Marketing Managers,5,320,420,3.3,10,10,170,30.00,50.50,Bachelor's degree,5 years or more,None
11-2022,Sales Managers,5,430,560,3.1,10,10,220,24.40,43.50,Bachelor's degree,Less than 5 years,None
11-2031,Public Relations and Fundraising Managers,2,50,70,3.1,0,0,30,29.70,41.10,Bachelor's degree,5 years or more,None
11-3000,Operations Specialties Managers,,1780,2310,2.9,50,30,850,,,,,
11-3011,Administrative Services Managers,3,180,230,2.7,10,0,80,21.30,34.60,Bachelor's degree,Less than 5 years,None
11-3021,Computer and Information Systems Managers,5,570,790,3.8,20,10,300,35.50,53.20,Bachelor's degree,5 years or more,None
11-3031,Financial Managers,5,460,590,3,10,10,220,33.90,51.10,Bachelor's degree,5 years or more,None
11-3051,Industrial Production Managers,3,250,290,1.7,0,0,90,24.20,41.80,Bachelor's degree,5 years or more,None
11-3061,Purchasing Managers,2,50,60,2,0,0,20,30.00,46.40,Bachelor's degree,5 years or more,None
11-3071,"Transportation, Storage, and Distribution Managers",2,80,90,1.6,0,0,30,24.40,35.40,High school diploma or equivalent,5 years or more,None
11-3121,Human Resources Managers,3,140,190,3.1,0,0,80,30.80,40.50,Bachelor's degree,5 years or more,None
11-3131,Training and Development Managers,,40,50,2.3,0,0,20,30.30,42.30,Bachelor's degree,5 years or more,None
11-9000,Other Management Occupations,,4620,6160,3.3,150,100,2520,,,,,
11-9021,Construction Managers,5,620,910,4.8,30,10,390,29.40,37.30,Bachelor's degree,None,Moderate-term on-the-job training
11-9032,"Education Administrators, Elementary and Secondary School",4,310,400,2.6,10,10,170,62818.00,82856.00,Master's degree,5 years or more,None
11-9033,"Education Administrators, Postsecondary",4,260,340,3.1,10,10,150,29.60,40.90,Master's degree,5 years or more,None
11-9041,Architectural and Engineering Managers,4,220,290,3.3,10,10,130,38.90,54.20,Bachelor's degree,5 years or more,None
11-9051,Food Service Managers,4,290,360,2.5,10,10,120,15.90,22.50,High school diploma or equivalent,Less than 5 years,None
11-9081,Lodging Managers,2,60,70,1.6,0,0,30,15.70,22.50,High school diploma or equivalent,Less than 5 years,None
11-9111,Medical and Health Services Managers,5,370,510,3.9,10,10,230,20.20,40.30,Bachelor's degree,None,None
11-9141,"Property, Real Estate, and Community Association Managers",5,570,800,4.2,20,10,370,12.90,28.20,High school diploma or equivalent,Less than 5 years,None
11-9151,Social and Community Service Managers,4,250,340,3.5,10,10,140,16.90,26.30,Bachelor's degree,5 years or more,None
11-9199,"Managers, All Other",,1100,1460,3.3,40,20,600,24.00,36.00,High school diploma or equivalent,Less than 5 years,None
13-0000,Business and Financial Operations Occupations,,7940,10940,3.8,300,160,4620,15.20,25.60,,,
13-1000,Business Operations Specialists,,4710,6570,3.9,190,80,2690,,,,,
19-3000,Social Scientists and Related Workers,,580,730,2.6,20,20,300,,,,,
13-1022,"Wholesale and Retail Buyers, Except Farm Products",3,210,260,2.5,10,10,110,13.50,17.80,High school diploma or equivalent,None,Long-term on-the-job training
13-1023,"Purchasing Agents, Except Wholesale, Retail, and Farm Products",4,240,310,2.8,10,0,110,19.30,26.40,High school diploma or equivalent,None,Long-term on-the-job training
13-1031,"Claims Adjusters, Examiners, and Investigators",2,100,120,2,0,0,40,22.70,29.30,High school diploma or equivalent,None,Long-term on-the-job training
13-1041,Compliance Officers,3,160,200,2.8,0,0,70,17.60,21.50,Bachelor's degree,None,Moderate-term on-the-job training
13-1051,Cost Estimators,5,330,510,5.4,20,10,290,13.70,23.80,Bachelor's degree,None,None
13-1081,Logisticians,3,70,100,3.9,0,0,40,22.20,28.60,Bachelor's degree,None,None
13-1111,Management Analysts,5,720,1070,4.8,40,10,460,17.90,28.90,Bachelor's degree,Less than 5 years,None
13-1121,"Meeting, Convention, and Event Planners",4,140,210,5.4,10,0,90,10.60,19.40,Bachelor's degree,None,None
13-1131,Fundraisers,2,80,100,2.5,0,0,40,19.50,26.40,Bachelor's degree,None,None
13-1141,"Compensation, Benefits, and Job Analysis Specialists",2,70,80,2.4,0,0,30,17.80,26.10,Bachelor's degree,None,None
13-1151,Training and Development Specialists,5,530,770,4.6,20,10,340,14.90,21.70,Bachelor's degree,Less than 5 years,None
13-1161,Market Research Analysts and Marketing Specialists,5,830,1220,4.6,40,10,500,14.90,25.00,Bachelor's degree,None,None
13-1199,"Business Operations Specialists, All Other",,450,580,2.8,10,10,190,18.20,31.60,High school diploma or equivalent,None,None
13-2000,Financial Specialists,,3230,4370,3.6,120,80,1930,,,,,
13-2011,Accountants and Auditors,5,1540,2080,3.5,50,50,1000,18.20,29.50,Bachelor's degree,None,None
13-2021,Appraisers and Assessors of Real Estate,2,80,100,3.2,0,0,30,15.70,20.50,Bachelor's degree,None,Long-term on-the-job training
13-2051,Financial Analysts,3,200,250,2.5,10,10,100,22.10,30.20,Bachelor's degree,None,None
13-2052,Personal Financial Advisors,5,240,330,4.1,10,0,130,17.90,32.30,Bachelor's degree,None,None
13-2071,Credit Counselors,3,60,80,3.5,0,0,30,13.00,16.00,Bachelor's degree,None,Moderate-term on-the-job training
13-2072,Loan Officers,5,730,1010,3.7,30,10,410,12.70,27.20,Bachelor's degree,None,Moderate-term on-the-job training
13-2082,Tax Preparers,3,210,280,3.3,10,0,110,12.60,15.20,High school diploma or equivalent,None,Moderate-term on-the-job training
13-2099,"Financial Specialists, All Other",,40,50,3.2,0,0,20,15.30,20.00,Bachelor's degree,None,Moderate-term on-the-job training
15-0000,Computer and Mathematical Occupations,,7900,11050,4,320,130,4470,18.70,33.60,,,
15-1100,Computer Occupations,,7770,10870,4,310,130,4380,,,,,
15-1111,Computer and Information Research Scientists,2,120,150,2,0,0,40,37.50,48.10,Doctoral or professional degree,None,None
15-1121,Computer Systems Analysts,5,390,540,3.9,20,10,210,23.90,33.60,Bachelor's degree,None,None
15-1122,Information Security Analysts,5,90,150,7.3,10,0,80,23.40,38.60,Bachelor's degree,Less than 5 years,None
15-1131,Computer Programmers,5,1310,1610,2.4,30,30,650,20.80,33.90,Bachelor's degree,None,None
15-1132,"Software Developers, Applications",5,1920,2810,4.7,90,30,1140,26.80,40.50,Bachelor's degree,None,None
15-1133,"Software Developers, Systems Software",5,890,1310,4.8,40,10,540,29.30,43.60,Bachelor's degree,None,None
15-1134,Web Developers,5,460,670,4.4,20,10,280,16.40,26.40,Associate's degree,None,None
15-1141,Database Administrators,5,270,380,3.8,10,10,160,19.90,28.30,Bachelor's degree,Less than 5 years,None
15-1142,Network and Computer Systems Administrators,5,570,710,2.6,20,10,240,23.30,32.20,Bachelor's degree,None,None
15-1143,Computer Network Architects,2,50,60,2.5,0,0,20,34.20,47.10,Bachelor's degree,5 years or more,None
15-1151,Computer User Support Specialists,4,1340,1940,4.5,60,20,820,12.30,19.00,"Some college, no degree",None,Moderate-term on-the-job training
15-1152,Computer Network Support Specialists,4,190,260,3.8,10,0,100,15.30,24.30,Associate's degree,None,None
15-1199,"Computer Occupations, All Other",,190,290,5.1,10,0,130,10.80,13.50,Bachelor's degree,None,None
15-2000,Mathematical Science Occupations,,120,180,4.9,10,0,90,,,,,
15-2031,Operations Research Analysts,4,70,110,4.9,0,0,50,24.30,31.70,Bachelor's degree,None,None
15-2041,Statisticians,,40,60,5.6,0,0,40,23.80,35.10,Master's degree,None,None
17-0000,Architecture and Engineering Occupations,,3100,4170,3.4,110,70,1780,19.60,32.40,,,
17-1000,"Architects, Surveyors, and Cartographers",,150,200,3.8,10,0,90,,,,,
17-1011,"Architects, Except Landscape and Naval",3,60,80,4.3,0,0,40,36.70,52.10,Bachelor's degree,None,Internship/residency
17-2000,Engineers,,1980,2700,3.7,70,50,1230,,,,,
17-2031,Biomedical Engineers,,40,60,4.6,0,0,30,25.20,33.30,Bachelor's degree,None,None
17-2051,Civil Engineers,5,400,580,4.5,20,10,280,26.60,35.30,Bachelor's degree,None,None
17-2061,Computer Hardware Engineers,4,60,80,4.6,0,0,40,33.90,55.80,Bachelor's degree,None,None
17-2071,Electrical Engineers,5,330,420,3,10,10,170,25.40,40.30,Bachelor's degree,None,None
17-2072,"Electronics Engineers, Except Computer",5,350,500,4.3,20,10,230,30.30,37.30,Bachelor's degree,None,None
17-2112,Industrial Engineers,5,230,310,3.5,10,10,150,30.40,36.90,Bachelor's degree,None,None
17-2131,Materials Engineers,2,50,60,2.8,0,0,30,26.60,39.80,Bachelor's degree,None,None
17-2141,Mechanical Engineers,4,280,340,2.2,10,10,160,27.80,37.50,Bachelor's degree,None,None
17-3000,"Drafters, Engineering Technicians, and Mapping Technicians",,970,1260,3,30,20,460,,,,,
17-3011,Architectural and Civil Drafters,2,190,220,1.7,0,0,60,17.40,21.70,Associate's degree,None,None
17-3013,Mechanical Drafters,2,120,140,1.7,0,0,40,16.10,22.10,Associate's degree,None,None
17-3019,"Drafters, All Other",1,70,90,3.6,0,0,30,10.30,10.60,Associate's degree,None,None
17-3022,Civil Engineering Technicians,4,130,180,4.4,10,0,80,13.70,22.20,Associate's degree,None,None
17-3023,Electrical and Electronics Engineering Technicians,5,220,310,4.3,10,10,140,15.90,23.60,Associate's degree,None,None
17-3026,Industrial Engineering Technicians,2,50,60,2.4,0,0,20,19.20,25.60,Associate's degree,None,None
17-3027,Mechanical Engineering Technicians,2,90,100,1.6,0,0,30,16.20,19.00,Associate's degree,None,None
17-3029,"Engineering Technicians, Except Drafters, All Other",,40,40,1.4,0,0,10,16.40,24.30,Associate's degree,None,None
17-3031,Surveying and Mapping Technicians,3,50,70,3.5,0,0,30,12.20,17.10,High school diploma or equivalent,None,Moderate-term on-the-job training
19-0000,"Life, Physical, and Social Science Occupations",,1250,1560,2.4,30,40,660,13.20,23.40,,,
19-1000,Life Scientists,,120,140,2,0,0,60,,,,,
19-1042,"Medical Scientists, Except Epidemiologists",,40,60,2.8,0,0,20,25.00,36.30,Doctoral or professional degree,None,None
19-2000,Physical Scientists,,230,280,2.4,10,10,110,,,,,
19-2031,Chemists,3,130,160,2.2,0,0,70,23.20,29.70,Bachelor's degree,None,None
19-2032,Materials Scientists,2,50,60,2.9,0,0,30,28.50,35.70,Bachelor's degree,None,None
19-3031,"Clinical, Counseling, and School Psychologists",5,440,540,2.3,10,10,220,14.60,28.50,Doctoral or professional degree,None,Internship/residency
19-3051,Urban and Regional Planners,,40,60,3.4,0,0,40,13.50,25.40,Master's degree,None,None
19-4000,"Life, Physical, and Social Science Technicians",,330,400,2.4,10,10,180,,,,,
19-4031,Chemical Technicians,4,150,200,3.6,10,0,90,12.60,18.80,Associate's degree,None,Moderate-term on-the-job training
19-4093,Forest and Conservation Technicians,0,80,80,0,0,0,30,11.20,13.50,Associate's degree,None,None
21-0000,Community and Social Service Occupations,,4560,6330,3.9,180,110,2860,9.40,14.10,,,
21-1000,"Counselors, Social Workers, and Other Community and Social Service Specialists",,4520,6290,3.9,180,110,2840,,,,,
21-1011,Substance Abuse and Behavioral Disorder Counselors,3,70,100,3.5,0,0,40,19.10,22.60,High school diploma or equivalent,None,Moderate-term on-the-job training
21-1012,"Educational, Guidance, School, and Vocational Counselors",5,800,1040,3,20,20,410,14.50,22.50,Master's degree,None,None
21-1013,Marriage and Family Therapists,,40,60,5.9,0,0,30,15.90,21.20,Master's degree,None,Internship/residency
21-1014,Mental Health Counselors,5,200,290,4.7,10,0,140,16.20,23.70,Master's degree,None,Internship/residency
21-1015,Rehabilitation Counselors,4,130,190,5,10,0,90,15.70,21.30,Master's degree,None,None
21-1021,"Child, Family, and School Social Workers",4,340,520,5.3,20,10,250,11.00,17.50,Bachelor's degree,None,None
21-1022,Healthcare Social Workers,3,100,140,3.4,0,0,60,19.10,25.40,Master's degree,None,None
21-1029,"Social Workers, All Other",,40,50,2.8,0,0,20,16.00,17.80,Bachelor's degree,None,None
21-1091,Health Educators,2,50,60,3,0,0,30,14.50,23.20,Bachelor's degree,None,None
21-1093,Social and Human Service Assistants,1,2220,3160,4.2,90,60,1510,8.70,10.80,High school diploma or equivalent,None,Short-term on-the-job training
23-0000,Legal Occupations,,1060,1540,4.5,50,20,640,17.90,38.80,,,
23-1000,"Lawyers, Judges, and Related Workers",,820,1190,4.5,40,10,500,,,,,
23-1011,Lawyers,5,770,1120,4.7,40,10,480,34.50,47.00,Doctoral or professional degree,None,None
23-2000,Legal Support Workers,,250,350,4.3,10,0,140,,,,,
23-2011,Paralegals and Legal Assistants,4,140,220,5.1,10,0,100,14.30,19.00,Associate's degree,None,None
25-0000,"Education, Training, and Library Occupations",,15900,20960,3.2,510,320,8230,10.30,16.80,,,
25-1000,Postsecondary Teachers,,4690,6200,3.2,150,70,2210,,,,,
25-1011,"Business Teachers, Postsecondary",4,260,340,3,10,0,120,33319.00,87712.00,Doctoral or professional degree,None,None
25-1021,"Computer Science Teachers, Postsecondary",4,240,310,3,10,0,110,41592.00,85706.00,Doctoral or professional degree,None,None
25-1022,"Mathematical Science Teachers, Postsecondary",3,170,220,2.7,10,0,70,37645.00,61709.00,Doctoral or professional degree,None,None
25-1042,"Biological Science Teachers, Postsecondary",4,250,340,3.4,10,0,120,43228.00,74026.00,Doctoral or professional degree,None,None
25-1066,"Psychology Teachers, Postsecondary",3,110,150,3.1,0,0,50,22460.00,60434.00,Doctoral or professional degree,None,None
25-1071,"Health Specialties Teachers, Postsecondary",5,290,420,4.8,10,0,180,35179.00,61980.00,Doctoral or professional degree,Less than 5 years,None
25-1072,"Nursing Instructors and Teachers, Postsecondary",4,180,260,4.5,10,0,110,37272.00,60487.00,Master's degree,Less than 5 years,None
25-1081,"Education Teachers, Postsecondary",3,150,200,3,10,0,70,36538.00,64121.00,Doctoral or professional degree,None,None
25-1111,"Criminal Justice and Law Enforcement Teachers, Postsecondary",3,70,90,3.1,0,0,30,22461.00,47700.00,Doctoral or professional degree,None,None
25-1121,"Art, Drama, and Music Teachers, Postsecondary",5,380,500,3,10,10,170,27215.00,56191.00,Master's degree,None,None
25-1122,"Communications Teachers, Postsecondary",3,150,190,2.4,0,0,60,24221.00,43422.00,Doctoral or professional degree,None,None
25-1123,"English Language and Literature Teachers, Postsecondary",4,330,430,2.8,10,10,140,46114.00,63480.00,Doctoral or professional degree,None,None
25-1124,"Foreign Language and Literature Teachers, Postsecondary",4,230,290,3,10,0,100,31638.00,58339.00,Doctoral or professional degree,None,None
25-1193,"Recreation and Fitness Studies Teachers, Postsecondary",3,120,160,2.8,0,0,50,17214.00,44319.00,Doctoral or professional degree,None,None
25-1194,"Vocational Education Teachers, Postsecondary",4,510,720,4,20,10,280,10.30,19.20,Bachelor's degree,Less than 5 years,None
25-1199,"Postsecondary Teachers, All Other",,230,300,2.8,10,0,100,48204.00,78079.00,Doctoral or professional degree,None,None
25-2000,"Preschool, Primary, Secondary, and Special Education School Teachers",,6590,8690,3.2,210,150,3630,,,,,
25-2011,"Preschool Teachers, Except Special Education",1,290,370,2.9,10,10,160,8.00,9.80,Associate's degree,None,None
25-2012,"Kindergarten Teachers, Except Special Education",4,120,160,3.5,0,0,80,27503.00,40987.00,Bachelor's degree,None,Internship/residency
25-2021,"Elementary School Teachers, Except Special Education",5,3140,4230,3.5,110,70,1780,28483.00,42712.00,Bachelor's degree,None,Internship/residency
25-2022,"Middle School Teachers, Except Special and Career/Technical Education",5,960,1290,3.5,30,20,540,32032.00,46647.00,Bachelor's degree,None,Internship/residency
25-2023,"Career/Technical Education Teachers, Middle School",2,50,60,2.9,0,0,30,32353.00,53235.00,Bachelor's degree,Less than 5 years,Internship/residency
25-2031,"Secondary School Teachers, Except Special and Career/Technical Education",5,1350,1710,2.7,40,40,730,32018.00,50057.00,Bachelor's degree,None,Internship/residency
25-2032,"Career/Technical Education Teachers, Secondary School",3,180,230,2.6,10,10,100,29199.00,43837.00,Bachelor's degree,Less than 5 years,Internship/residency
25-2052,"Special Education Teachers, Kindergarten and Elementary School",4,340,430,2.5,10,10,150,26594.00,40911.00,Bachelor's degree,None,Internship/residency
25-2054,"Special Education Teachers, Secondary School",3,130,160,2.7,0,0,60,32664.00,46124.00,Bachelor's degree,None,Internship/residency
25-3000,Other Teachers and Instructors,,1990,2740,3.8,80,30,1090,,,,,
25-3011,Adult Basic and Secondary Education and Literacy Teachers and Instructors,3,130,170,3,0,0,60,9.30,20.90,Bachelor's degree,None,Internship/residency
25-3021,Self-Enrichment Education Teachers,3,730,1080,4.8,40,10,480,8.70,13.20,High school diploma or equivalent,Less than 5 years,None
25-3098,Substitute Teachers,3,630,800,2.6,20,10,270,10.00,12.00,Bachelor's degree,None,Internship/residency
25-3099,"Teachers and Instructors, All Other",,500,690,3.9,20,10,280,16717.00,20977.00,Bachelor's degree,None,Internship/residency
25-4000,"Librarians, Curators, and Archivists",,400,520,2.9,10,10,260,,,,,
25-4021,Librarians,4,200,260,2.9,10,0,100,16.20,26.20,Master's degree,None,None
25-4031,Library Technicians,3,170,210,2.9,10,10,140,9.50,13.60,Postsecondary non-degree award,None,None
25-9000,"Other Education, Training, and Library Occupations",,2230,2820,2.7,60,50,1040,,,,,
25-9011,Audio-Visual and Multimedia Collections Specialists,0,70,70,1.2,0,0,10,8.00,11.30,Bachelor's degree,Less than 5 years,None
25-9031,Instructional Coordinators,4,300,410,3.7,10,0,140,12.60,20.40,Master's degree,5 years or more,None
25-9041,Teacher Assistants,1,1810,2270,2.5,50,40,870,16863.00,22134.00,"Some college, no degree",None,None
27-0000,"Arts, Design, Entertainment, Sports, and Media Occupations",,3750,4950,3.2,120,90,2080,10.10,18.00,,,
27-1000,Art and Design Workers,,1510,1980,3.1,50,40,860,,,,,
27-1011,Art Directors,3,120,150,2.6,0,0,60,16.60,26.10,Bachelor's degree,5 years or more,None
27-1013,"Fine Artists, Including Painters, Sculptors, and Illustrators",3,90,120,3.4,0,0,50,9.80,15.20,High school diploma or equivalent,None,Long-term on-the-job training
27-1021,Commercial and Industrial Designers,3,70,100,3.8,0,0,50,14.90,21.80,Bachelor's degree,None,None
27-1023,Floral Designers,1,220,270,2.5,10,10,110,8.00,9.20,High school diploma or equivalent,None,Moderate-term on-the-job training
27-1024,Graphic Designers,4,660,870,3.3,20,20,390,13.00,18.80,Bachelor's degree,None,None
27-2000,"Entertainers and Performers, Sports and Related Workers",,820,1100,3.4,30,20,510,,,,,
27-2012,Producers and Directors,2,90,110,2.6,0,0,50,21.70,32.50,Bachelor's degree,Less than 5 years,None
27-2021,Athletes and Sports Competitors,3,60,80,4,0,0,40,18347.00,34302.00,High school diploma or equivalent,None,Long-term on-the-job training
27-2022,Coaches and Scouts,1,290,380,3.2,10,10,180,19345.00,37390.00,Bachelor's degree,None,None
27-2023,"Umpires, Referees, and Other Sports Officials",1,190,250,3.5,10,10,120,16818.00,17669.00,High school diploma or equivalent,None,Moderate-term on-the-job training
27-2099,"Entertainers and Performers, Sports and Related Workers, All Other",,40,60,3.7,0,0,20,,,High school diploma or equivalent,None,None
27-3000,Media and Communication Workers,,940,1280,3.7,30,20,530,,,,,
27-3031,Public Relations Specialists,4,260,360,3.6,10,0,130,16.20,23.80,Bachelor's degree,None,None
27-3041,Editors,3,150,190,2.7,0,0,80,10.20,18.20,Bachelor's degree,Less than 5 years,None
27-3042,Technical Writers,3,120,160,3.3,0,0,80,15.40,26.30,Bachelor's degree,Less than 5 years,Short-term on-the-job training
27-3043,Writers and Authors,4,210,280,3.3,10,10,120,12.30,21.50,Bachelor's degree,None,Moderate-term on-the-job training
27-3091,Interpreters and Translators,5,120,200,6.4,10,0,90,15.30,23.80,Bachelor's degree,None,Short-term on-the-job training
27-4000,Media and Communication Equipment Workers,,480,600,2.6,10,10,180,,,,,
27-4011,Audio and Video Equipment Technicians,3,80,120,4.1,0,0,50,10.00,17.00,Postsecondary non-degree award,None,Short-term on-the-job training
27-4021,Photographers,3,300,360,2.2,10,0,100,9.60,13.50,High school diploma or equivalent,None,Long-term on-the-job training
27-4032,Film and Video Editors,,40,50,2.1,0,0,10,13.10,21.20,Bachelor's degree,None,None
29-0000,Healthcare Practitioners and Technical Occupations,,8970,12240,3.6,330,180,5070,15.70,26.90,,,
29-1000,Health Diagnosing and Treating Practitioners,,5740,7800,3.6,210,120,3230,,,,,
29-1011,Chiropractors,2,70,90,2.4,0,0,30,22.90,46.40,Doctoral or professional degree,None,None
29-1021,"Dentists, General",5,340,500,4.5,20,10,240,31.10,53.90,Doctoral or professional degree,None,None
29-1031,Dietitians and Nutritionists,2,70,90,2.8,0,0,30,17.80,23.00,Bachelor's degree,None,Internship/residency
29-1041,Optometrists,,40,50,3,0,0,20,45.00,51.50,Doctoral or professional degree,None,None
29-1051,Pharmacists,5,360,450,2.7,10,10,180,46.60,59.70,Doctoral or professional degree,None,None
29-1062,Family and General Practitioners,4,70,100,4.6,0,0,50,63.10,90.10,Doctoral or professional degree,None,Internship/residency
29-1069,"Physicians and Surgeons, All Other",4,210,280,3.6,10,10,120,38.30,78.40,Doctoral or professional degree,None,Internship/residency
29-1071,Physician Assistants,5,170,280,6.7,10,0,140,16.30,40.30,Master's degree,None,None
29-1122,Occupational Therapists,4,120,170,4,10,0,60,30.90,39.80,Master's degree,None,None
29-1123,Physical Therapists,5,250,360,4.6,10,10,180,21.40,37.10,Doctoral or professional degree,None,None
29-1125,Recreational Therapists,2,90,110,2.3,0,0,40,13.50,17.10,Bachelor's degree,None,None
29-1127,Speech-Language Pathologists,3,130,160,2.5,0,0,50,11.50,18.50,Master's degree,None,None
29-1131,Veterinarians,2,70,90,2.2,0,0,40,30.80,38.50,Doctoral or professional degree,None,None
29-1141,Registered Nurses,5,3010,3920,3.1,90,60,1500,22.40,27.00,Associate's degree,None,None
29-1171,Nurse Practitioners,5,300,500,6.4,20,10,250,35.90,42.00,Master's degree,None,None
29-2000,Health Technologists and Technicians,,2990,4130,3.8,110,60,1690,,,,,
29-2011,Medical and Clinical Laboratory Technologists,3,110,140,2.5,0,0,60,18.80,25.90,Bachelor's degree,None,None
29-2021,Dental Hygienists,5,410,660,5.9,20,10,350,23.70,32.40,Associate's degree,None,None
29-2032,Diagnostic Medical Sonographers,4,70,100,6,0,0,50,26.90,32.60,Associate's degree,None,None
29-2034,Radiologic Technologists,4,200,280,3.8,10,0,110,18.90,24.10,Associate's degree,None,None
29-2041,Emergency Medical Technicians and Paramedics,1,160,210,3.6,10,0,100,8.60,10.70,Postsecondary non-degree award,None,None
29-2052,Pharmacy Technicians,3,460,620,3.5,20,0,210,13.10,14.90,High school diploma or equivalent,None,Moderate-term on-the-job training
29-2055,Surgical Technologists,4,160,240,4.9,10,0,100,13.60,17.50,Postsecondary non-degree award,None,None
29-2056,Veterinary Technologists and Technicians,3,70,90,3.7,0,0,30,10.50,12.70,Associate's degree,None,None
29-2061,Licensed Practical and Licensed Vocational Nurses,4,340,450,3.5,10,10,200,15.10,19.60,Postsecondary non-degree award,None,None
29-2071,Medical Records and Health Information Technicians,4,290,410,4,10,10,190,12.00,15.60,Postsecondary non-degree award,None,None
29-2081,"Opticians, Dispensing",3,90,120,3,0,0,50,10.50,13.60,High school diploma or equivalent,None,Long-term on-the-job training
29-2099,"Health Technologists and Technicians, All Other",,70,110,4.8,0,0,40,13.00,15.40,High school diploma or equivalent,None,None
29-9000,Other Healthcare Practitioners and Technical Occupations,,240,310,3.1,10,10,140,,,,,
29-9011,Occupational Health and Safety Specialists,3,60,90,4.2,0,0,40,23.10,30.00,Bachelor's degree,None,Short-term on-the-job training
31-0000,Healthcare Support Occupations,,5550,8020,4.4,250,110,3530,9.40,11.40,,,
31-1000,"Nursing, Psychiatric, and Home Health Aides",,2580,3580,3.9,100,50,1490,,,,,
31-1011,Home Health Aides,1,1000,1380,3.8,40,20,570,8.10,9.50,Less than high school,None,Short-term on-the-job training
31-1014,Nursing Assistants,1,1520,2120,4,60,30,890,9.80,10.80,Postsecondary non-degree award,None,None
31-2000,Occupational Therapy and Physical Therapist Assistants and Aides,,260,390,4.9,10,10,190,,,,,
31-2021,Physical Therapist Assistants,4,50,80,4.9,0,0,40,18.00,23.80,Associate's degree,None,None
31-2022,Physical Therapist Aides,1,190,290,4.9,10,0,140,8.10,9.00,High school diploma or equivalent,None,Short-term on-the-job training
31-9000,Other Healthcare Support Occupations,,2710,4050,4.9,130,50,1850,,,,,
31-9091,Dental Assistants,3,980,1460,4.9,50,20,690,10.90,13.20,Postsecondary non-degree award,None,None
31-9092,Medical Assistants,3,1160,1830,5.8,70,20,890,10.80,12.90,Postsecondary non-degree award,None,None
31-9094,Medical Transcriptionists,0,100,120,2.1,0,0,40,12.50,13.50,Postsecondary non-degree award,None,None
31-9097,Phlebotomists,3,90,120,4.1,0,0,50,10.50,11.80,Postsecondary non-degree award,None,None
33-0000,Protective Service Occupations,,3230,4210,3,100,100,1930,9.30,15.20,,,
33-1000,Supervisors of Protective Service Workers,,300,400,3.2,10,10,190,,,,,
33-1012,First-Line Supervisors of Police and Detectives,4,180,240,3.3,10,10,110,23.00,29.30,High school diploma or equivalent,Less than 5 years,Moderate-term on-the-job training
33-1099,"First-Line Supervisors of Protective Service Workers, All Other",,60,80,2.8,0,0,30,15.90,23.60,High school diploma or equivalent,Less than 5 years,None
33-2000,Fire Fighting and Prevention Workers,,290,390,3.5,10,10,180,,,,,
33-2011,Firefighters,3,290,390,3.5,10,10,180,10.40,13.10,Postsecondary non-degree award,None,Long-term on-the-job training
33-3000,Law Enforcement Workers,,1010,1350,3.3,30,30,640,,,,,
33-3012,Correctional Officers and Jailers,4,180,240,3.4,10,10,110,16.00,20.10,High school diploma or equivalent,None,Moderate-term on-the-job training
33-3051,Police and Sheriff's Patrol Officers,5,770,1030,3.3,30,20,500,14.50,20.90,High school diploma or equivalent,None,Moderate-term on-the-job training
33-9000,Other Protective Service Workers,,1620,2070,2.7,40,50,920,,,,,
33-9032,Security Guards,3,730,940,2.8,20,10,320,10.60,13.70,High school diploma or equivalent,None,Short-term on-the-job training
33-9092,"Lifeguards, Ski Patrol, and Other Recreational Protective Service Workers",1,290,380,3.3,10,20,290,8.10,8.60,High school diploma or equivalent,None,Short-term on-the-job training
33-9099,"Protective Service Workers, All Other",,130,160,2.5,0,10,120,10.40,10.90,High school diploma or equivalent,None,Short-term on-the-job training
35-0000,Food Preparation and Serving Related Occupations,,14430,19170,3.3,470,540,10130,8.10,8.90,,,
35-1000,Supervisors of Food Preparation and Serving Workers,,1040,1400,3.4,40,30,640,,,,,
35-1011,Chefs and Head Cooks,3,100,130,2.8,0,0,50,15.20,18.30,High school diploma or equivalent,5 years or more,None
35-1012,First-Line Supervisors of Food Preparation and Serving Workers,3,940,1260,3.5,30,30,590,9.80,12.60,High school diploma or equivalent,Less than 5 years,None
35-2000,Cooks and Food Preparation Workers,,2790,3560,2.8,80,60,1380,,,,,
35-2011,"Cooks, Fast Food",1,480,580,2.1,10,10,190,8.10,8.90,Less than high school,None,Short-term on-the-job training
35-2012,"Cooks, Institution and Cafeteria",1,860,1090,2.7,20,20,400,8.20,9.50,Less than high school,None,Short-term on-the-job training
35-2014,"Cooks, Restaurant",1,710,990,3.9,30,10,420,8.20,10.40,Less than high school,Less than 5 years,Moderate-term on-the-job training
35-2021,Food Preparation Workers,1,660,800,2.1,10,20,330,8.00,8.80,Less than high school,None,Short-term on-the-job training
35-3000,Food and Beverage Serving Workers,,9320,12550,3.5,320,380,7070,,,,,
35-3011,Bartenders,1,320,410,2.7,10,10,210,8.00,9.30,Less than high school,None,Short-term on-the-job training
35-3021,"Combined Food Preparation and Serving Workers, Including Fast Food",1,6490,8980,3.8,250,250,4970,8.10,8.50,Less than high school,None,Short-term on-the-job training
35-3022,"Counter Attendants, Cafeteria, Food Concession, and Coffee Shop",1,540,650,2.1,10,30,440,8.10,8.80,Less than high school,None,Short-term on-the-job training
35-3031,Waiters and Waitresses,1,1780,2270,2.7,50,90,1340,8.10,9.40,Less than high school,None,Short-term on-the-job training
35-3041,"Food Servers, Nonrestaurant",1,180,250,3.8,10,10,120,8.60,10.30,Less than high school,None,Short-term on-the-job training
35-9000,Other Food Preparation and Serving Related Workers,,1290,1670,2.9,40,70,1040,,,,,
35-9011,Dining Room and Cafeteria Attendants and Bartender Helpers,1,400,510,2.8,10,20,290,8.10,9.20,Less than high school,None,Short-term on-the-job training
35-9021,Dishwashers,1,570,750,3.1,20,30,430,8.10,8.60,Less than high school,None,Short-term on-the-job training
35-9031,"Hosts and Hostesses, Restaurant, Lounge, and Coffee Shop",1,320,410,2.8,10,20,330,8.10,8.70,Less than high school,None,None
37-0000,Building and Grounds Cleaning and Maintenance Occupations,,6270,7960,2.7,170,130,2990,8.10,10.20,,,
37-1000,Supervisors of Building and Grounds Cleaning and Maintenance Workers,,690,920,3.4,20,10,350,,,,,
37-1011,First-Line Supervisors of Housekeeping and Janitorial Workers,4,340,440,3.3,10,10,190,14.00,19.60,High school diploma or equivalent,Less than 5 years,None
37-1012,"First-Line Supervisors of Landscaping, Lawn Service, and Groundskeeping Workers",4,350,470,3.5,10,0,160,15.10,18.30,High school diploma or equivalent,Less than 5 years,None
37-2000,Building Cleaning and Pest Control Workers,,3740,4560,2.2,80,70,1550,,,,,
37-2011,"Janitors and Cleaners, Except Maids and Housekeeping Cleaners",1,2240,2900,2.9,70,40,1080,8.10,9.10,Less than high school,None,Short-term on-the-job training
37-2012,Maids and Housekeeping Cleaners,1,1150,1190,0.4,0,20,270,8.10,8.90,Less than high school,None,Short-term on-the-job training
37-3000,Grounds Maintenance Workers,,1850,2470,3.4,60,50,1090,,,,,
37-3011,Landscaping and Groundskeeping Workers,1,1710,2280,3.3,60,40,1000,8.30,10.80,Less than high school,None,Short-term on-the-job training
39-0000,Personal Care and Service Occupations,,5900,7400,2.5,150,150,2960,8.10,10.00,,,
39-1000,Supervisors of Personal Care and Service Workers,,380,470,2.6,10,10,170,,,,,
39-1021,First-Line Supervisors of Personal Service Workers,3,380,470,2.6,10,10,170,11.40,13.70,High school diploma or equivalent,Less than 5 years,None
39-2000,Animal Care and Service Workers,,200,280,4,10,0,120,,,,,
39-2011,Animal Trainers,1,50,70,4,0,0,40,8.40,10.40,High school diploma or equivalent,None,Moderate-term on-the-job training
39-2021,Nonfarm Animal Caretakers,1,160,220,4,10,0,80,8.10,8.70,Less than high school,None,Short-term on-the-job training
39-3000,Entertainment Attendants and Related Workers,,790,910,1.6,10,40,520,,,,,
39-3031,"Ushers, Lobby Attendants, and Ticket Takers",1,130,160,1.8,0,10,90,8.20,9.10,Less than high school,None,Short-term on-the-job training
39-3091,Amusement and Recreation Attendants,1,590,700,1.7,10,30,400,8.10,9.00,Less than high school,None,Short-term on-the-job training
39-4000,Funeral Service Workers,,40,50,1.7,0,0,20,,,,,
39-5000,Personal Appearance Workers,,1000,1390,3.9,40,20,560,,,,,
39-5012,"Hairdressers, Hairstylists, and Cosmetologists",1,580,800,3.7,20,10,350,8.70,12.60,Postsecondary non-degree award,None,None
39-9000,Other Personal Care and Service Workers,,3440,4220,2.3,80,80,1530,,,,,
39-9011,Childcare Workers,1,1280,1490,1.6,20,40,580,8.10,8.90,High school diploma or equivalent,None,Short-term on-the-job training
39-9021,Personal Care Aides,1,560,730,2.9,20,0,200,8.20,10.30,Less than high school,None,Short-term on-the-job training
39-9031,Fitness Trainers and Aerobics Instructors,1,490,560,1.4,10,10,130,11.00,18.10,High school diploma or equivalent,None,Short-term on-the-job training
39-9032,Recreation Workers,1,630,850,3.5,20,10,300,8.10,8.90,Bachelor's degree,None,None
41-0000,Sales and Related Occupations,,21920,27850,2.7,590,650,12470,8.20,11.40,,,
41-1000,Supervisors of Sales Workers,,2650,3260,2.3,60,50,1130,,,,,
41-1011,First-Line Supervisors of Retail Sales Workers,4,2000,2480,2.4,50,40,920,11.30,16.00,High school diploma or equivalent,Less than 5 years,None
41-1012,First-Line Supervisors of Non-Retail Sales Workers,5,660,780,1.9,10,10,210,14.40,24.50,High school diploma or equivalent,Less than 5 years,None
41-2000,Retail Sales Workers,,11980,14940,2.5,300,440,7400,,,,,
41-2011,Cashiers,1,4620,5500,1.9,90,200,2880,8.10,9.00,Less than high school,None,Short-term on-the-job training
41-2021,Counter and Rental Clerks,1,510,680,3.4,20,10,300,8.30,10.20,Less than high school,None,Short-term on-the-job training
41-2022,Parts Salespersons,3,330,440,3.1,10,10,190,11.20,14.60,Less than high school,None,Moderate-term on-the-job training
41-2031,Retail Salespersons,1,6520,8320,2.8,180,220,4040,8.10,10.30,Less than high school,None,Short-term on-the-job training
41-3000,"Sales Representatives, Services",,2960,4060,3.7,110,80,1890,,,,,
41-3011,Advertising Sales Agents,2,110,130,1.5,0,0,50,11.10,19.50,High school diploma or equivalent,None,Moderate-term on-the-job training
41-3021,Insurance Sales Agents,4,410,540,3.1,10,10,230,10.90,16.20,High school diploma or equivalent,None,Moderate-term on-the-job training
41-3031,"Securities, Commodities, and Financial Services Sales Agents",3,150,180,2.1,0,0,70,20.80,64.80,Bachelor's degree,None,Moderate-term on-the-job training
41-4000,"Sales Representatives, Wholesale and Manufacturing",,2180,2790,2.8,60,40,1030,,,,,
41-4011,"Sales Representatives, Wholesale and Manufacturing, Technical and Scientific Products",5,720,920,2.7,20,10,340,16.90,31.80,Bachelor's degree,None,Moderate-term on-the-job training
41-4012,"Sales Representatives, Wholesale and Manufacturing, Except Technical and Scientific Products",5,1450,1870,2.8,40,30,700,13.90,24.50,High school diploma or equivalent,None,Moderate-term on-the-job training
41-9000,Other Sales and Related Workers,,2150,2800,3,70,40,1020,,,,,
41-9011,Demonstrators and Product Promoters,3,140,220,5.2,10,0,110,11.10,12.80,High school diploma or equivalent,None,Short-term on-the-job training
41-9022,Real Estate Sales Agents,4,660,950,4.4,30,10,350,10.20,18.10,High school diploma or equivalent,None,Long-term on-the-job training
41-9031,Sales Engineers,,40,60,3.5,0,0,20,19.70,38.10,Bachelor's degree,None,Moderate-term on-the-job training
41-9041,Telemarketers,1,1000,1150,1.5,20,20,360,9.60,11.60,Less than high school,None,Short-term on-the-job training
41-9099,"Sales and Related Workers, All Other",,250,350,3.9,10,10,150,10.70,13.10,High school diploma or equivalent,None,None
43-0000,Office and Administrative Support Occupations,,31620,40910,2.9,940,690,16310,9.40,13.20,,,
43-1000,Supervisors of Office and Administrative Support Workers,,1770,2340,3.2,60,40,990,,,,,
43-1011,First-Line Supervisors of Office and Administrative Support Workers,4,1770,2340,3.2,60,40,990,14.80,20.70,High school diploma or equivalent,Less than 5 years,None
43-2000,Communications Equipment Operators,,70,70,-0.8,0,0,10,,,,,
43-2011,"Switchboard Operators, Including Answering Service",0,70,60,-0.9,0,0,10,8.80,11.90,High school diploma or equivalent,None,Short-term on-the-job training
43-3000,Financial Clerks,,3740,5070,3.6,130,70,2070,,,,,
43-3011,Bill and Account Collectors,3,160,200,2.8,0,0,90,11.60,14.30,High school diploma or equivalent,None,Moderate-term on-the-job training
43-3021,Billing and Posting Clerks,3,460,700,5.2,20,10,330,11.20,13.90,High school diploma or equivalent,None,Short-term on-the-job training
43-3031,"Bookkeeping, Accounting, and Auditing Clerks",4,2070,2790,3.5,70,20,920,11.60,15.70,High school diploma or equivalent,None,Moderate-term on-the-job training
43-3051,Payroll and Timekeeping Clerks,4,250,330,3.3,10,10,140,14.00,17.90,High school diploma or equivalent,None,Moderate-term on-the-job training
43-3071,Tellers,1,720,930,3,20,30,550,10.00,11.20,High school diploma or equivalent,None,Short-term on-the-job training
43-4000,Information and Record Clerks,,10360,13780,3.3,340,270,6130,,,,,
43-4031,"Court, Municipal, and License Clerks",3,100,140,3.5,0,0,50,11.70,14.00,High school diploma or equivalent,None,Moderate-term on-the-job training
43-4041,"Credit Authorizers, Checkers, and Clerks",,40,50,2.9,0,0,20,12.60,15.30,High school diploma or equivalent,None,Short-term on-the-job training
43-4051,Customer Service Representatives,3,5880,7890,3.4,200,160,3600,9.40,12.00,High school diploma or equivalent,None,Short-term on-the-job training
43-4061,"Eligibility Interviewers, Government Programs",3,130,170,3.4,0,0,70,13.00,16.90,High school diploma or equivalent,None,Moderate-term on-the-job training
43-4071,File Clerks,0,120,130,1,0,0,40,8.70,12.70,High school diploma or equivalent,None,Short-term on-the-job training
43-4081,"Hotel, Motel, and Resort Desk Clerks",1,190,250,3.1,10,10,150,8.20,9.20,High school diploma or equivalent,None,Short-term on-the-job training
43-4111,"Interviewers, Except Eligibility and Loan",1,890,1160,3,30,20,440,8.50,10.50,High school diploma or equivalent,None,Short-term on-the-job training
43-4121,"Library Assistants, Clerical",1,120,170,4.1,10,10,100,8.10,8.80,High school diploma or equivalent,None,Short-term on-the-job training
43-4131,Loan Interviewers and Clerks,4,260,360,3.8,10,0,120,11.50,16.10,High school diploma or equivalent,None,Short-term on-the-job training
43-4151,Order Clerks,0,340,340,-0.1,0,10,90,9.80,12.20,High school diploma or equivalent,None,Short-term on-the-job training
43-4161,"Human Resources Assistants, Except Payroll and Timekeeping",0,140,160,1.2,0,0,50,8.30,13.80,High school diploma or equivalent,None,Short-term on-the-job training
43-4171,Receptionists and Information Clerks,1,1990,2810,4.1,80,50,1350,9.40,11.50,High school diploma or equivalent,None,Short-term on-the-job training
43-4181,Reservation and Transportation Ticket Agents and Travel Clerks,,40,40,2.2,0,0,10,9.60,12.10,High school diploma or equivalent,None,Short-term on-the-job training
43-5000,"Material Recording, Scheduling, Dispatching, and Distributing Workers",,4760,5550,1.6,80,130,2170,,,,,
43-5021,Couriers and Messengers,0,130,160,1.7,0,0,40,9.30,12.10,High school diploma or equivalent,None,Short-term on-the-job training
43-5031,"Police, Fire, and Ambulance Dispatchers",3,130,170,3.1,0,0,80,14.90,17.80,High school diploma or equivalent,None,Moderate-term on-the-job training
43-5032,"Dispatchers, Except Police, Fire, and Ambulance",3,150,190,3.1,10,0,90,9.10,14.80,High school diploma or equivalent,None,Moderate-term on-the-job training
43-5041,"Meter Readers, Utilities",,40,40,0,0,0,10,10.30,12.80,High school diploma or equivalent,None,Short-term on-the-job training
43-5051,Postal Service Clerks,2,80,60,-1.6,0,0,10,18.70,25.90,High school diploma or equivalent,None,Short-term on-the-job training
43-5052,Postal Service Mail Carriers,2,360,330,-0.9,0,10,130,19.00,27.20,High school diploma or equivalent,None,Short-term on-the-job training
43-5053,"Postal Service Mail Sorters, Processors, and Processing Machine Operators",2,70,60,-1.4,0,0,10,14.90,24.90,High school diploma or equivalent,None,Short-term on-the-job training
43-5061,"Production, Planning, and Expediting Clerks",4,260,330,2.8,10,10,140,11.80,16.90,High school diploma or equivalent,None,Moderate-term on-the-job training
43-5071,"Shipping, Receiving, and Traffic Clerks",3,1200,1490,2.4,30,30,610,9.20,12.30,High school diploma or equivalent,None,Short-term on-the-job training
43-5081,Stock Clerks and Order Fillers,1,2290,2630,1.5,30,70,1030,8.20,10.50,Less than high school,None,Short-term on-the-job training
43-6000,Secretaries and Administrative Assistants,,6000,8030,3.4,200,70,2760,,,,,
43-6011,Executive Secretaries and Executive Administrative Assistants,5,850,990,1.7,10,10,250,15.80,21.40,High school diploma or equivalent,Less than 5 years,None
43-6012,Legal Secretaries,3,350,480,3.7,10,0,170,12.90,14.70,High school diploma or equivalent,None,Moderate-term on-the-job training
43-6013,Medical Secretaries,3,760,1120,4.7,40,10,450,11.70,14.60,High school diploma or equivalent,None,Moderate-term on-the-job training
43-6014,"Secretaries and Administrative Assistants, Except Legal, Medical, and Executive",3,4040,5440,3.5,140,50,1890,10.40,14.20,High school diploma or equivalent,None,Short-term on-the-job training
43-9000,Other Office and Administrative Support Workers,,4930,6070,2.3,120,100,2180,,,,,
43-9011,Computer Operators,2,80,90,0.6,0,0,10,13.20,16.90,High school diploma or equivalent,None,Moderate-term on-the-job training
43-9021,Data Entry Keyers,0,320,290,-0.9,0,0,40,8.30,10.80,High school diploma or equivalent,None,Moderate-term on-the-job training
43-9022,Word Processors and Typists,2,60,60,-0.3,0,0,0,11.70,15.80,High school diploma or equivalent,None,Short-term on-the-job training
43-9051,"Mail Clerks and Mail Machine Operators, Except Postal Service",0,160,180,1.3,0,0,60,10.20,11.80,High school diploma or equivalent,None,Short-term on-the-job training
43-9061,"Office Clerks, General",3,3980,5050,2.7,110,80,1900,8.90,12.00,High school diploma or equivalent,None,Short-term on-the-job training
43-9071,"Office Machine Operators, Except Computer",0,70,80,0.3,0,0,20,10.10,11.40,High school diploma or equivalent,None,Short-term on-the-job training
43-9199,"Office and Administrative Support Workers, All Other",,170,220,2.9,10,10,100,13.00,16.50,High school diploma or equivalent,None,Short-term on-the-job training
45-0000,"Farming, Fishing, and Forestry Occupations",,860,1050,2.2,20,30,440,8.60,10.40,,,
45-1000,"Supervisors of Farming, Fishing, and Forestry Workers",,40,50,2.4,0,0,20,,,,,
45-1011,"First-Line Supervisors of Farming, Fishing, and Forestry Workers",,40,50,2.4,0,0,20,12.30,16.50,High school diploma or equivalent,Less than 5 years,None
45-2000,Agricultural Workers,,810,990,2.2,20,20,420,,,,,
45-2091,Agricultural Equipment Operators,,40,60,3.2,0,0,30,,,Less than high school,None,Short-term on-the-job training
45-2092,"Farmworkers and Laborers, Crop, Nursery, and Greenhouse",1,630,770,2.2,10,20,330,9.10,10.40,Less than high school,None,Short-term on-the-job training
45-2093,"Farmworkers, Farm, Ranch, and Aquacultural Animals",0,90,110,2.5,0,0,50,8.00,8.80,Less than high school,None,Short-term on-the-job training
47-0000,Construction and Extraction Occupations,,12320,20110,6.3,780,200,9810,11.90,16.60,,,
47-1000,Supervisors of Construction and Extraction Workers,,1240,2050,6.5,80,10,940,,,,,
47-1011,First-Line Supervisors of Construction Trades and Extraction Workers,5,1240,2050,6.5,80,10,940,17.80,23.50,High school diploma or equivalent,5 years or more,None
47-2000,Construction Trades Workers,,9690,15600,6.1,590,160,7550,,,,,
47-2021,Brickmasons and Blockmasons,4,300,630,11,30,0,360,15.80,19.90,High school diploma or equivalent,None,Apprenticeship
47-2031,Carpenters,4,2070,3100,4.9,100,30,1280,13.50,16.90,High school diploma or equivalent,None,Apprenticeship
47-2044,Tile and Marble Setters,4,170,250,4.5,10,0,110,10.80,17.00,Less than high school,None,Long-term on-the-job training
47-2051,Cement Masons and Concrete Finishers,3,480,850,7.5,40,10,420,12.40,14.20,Less than high school,None,Moderate-term on-the-job training
47-2061,Construction Laborers,3,2290,3580,5.7,130,50,1780,10.20,12.60,Less than high school,None,Short-term on-the-job training
47-2073,Operating Engineers and Other Construction Equipment Operators,4,780,1130,4.5,40,20,520,14.20,16.70,High school diploma or equivalent,None,Moderate-term on-the-job training
47-2081,Drywall and Ceiling Tile Installers,4,390,590,5.2,20,0,240,14.70,18.10,Less than high school,None,Moderate-term on-the-job training
47-2111,Electricians,5,950,1730,8.3,80,20,960,16.50,22.00,High school diploma or equivalent,None,Apprenticeship
47-2141,"Painters, Construction and Maintenance",3,720,1120,5.6,40,10,510,8.50,15.30,Less than high school,None,Moderate-term on-the-job training
47-2151,Pipelayers,3,130,180,4.3,10,0,70,12.00,14.10,Less than high school,None,Short-term on-the-job training
47-2152,"Plumbers, Pipefitters, and Steamfitters",5,540,990,8.4,50,10,520,20.80,25.60,High school diploma or equivalent,None,Apprenticeship
47-2181,Roofers,4,170,260,5.1,10,0,120,14.90,19.80,Less than high school,None,Moderate-term on-the-job training
47-2211,Sheet Metal Workers,4,160,280,8,10,0,160,13.10,16.40,High school diploma or equivalent,None,Apprenticeship
47-2221,Structural Iron and Steel Workers,4,310,540,7.6,20,10,330,15.70,18.00,High school diploma or equivalent,None,Apprenticeship
47-3000,"Helpers, Construction Trades",,960,1910,9.9,100,20,1100,,,,,
47-3011,"Helpers--Brickmasons, Blockmasons, Stonemasons, and Tile and Marble Setters",3,190,420,11.9,20,0,260,12.70,15.40,Less than high school,None,Short-term on-the-job training
47-3015,"Helpers--Pipelayers, Plumbers, Pipefitters, and Steamfitters",3,120,220,8.8,10,0,120,9.70,12.80,High school diploma or equivalent,None,Short-term on-the-job training
47-3016,Helpers--Roofers,3,100,170,7.2,10,0,80,12.10,13.60,Less than high school,None,Short-term on-the-job training
47-4000,Other Construction and Related Workers,,330,440,3.5,10,10,180,,,,,
47-4011,Construction and Building Inspectors,3,90,120,3.3,0,0,50,17.00,25.20,High school diploma or equivalent,5 years or more,Moderate-term on-the-job training
47-4041,Hazardous Materials Removal Workers,2,50,70,2.7,0,0,30,14.70,24.40,High school diploma or equivalent,None,Moderate-term on-the-job training
47-4051,Highway Maintenance Workers,3,100,130,2.9,0,0,40,14.90,18.40,High school diploma or equivalent,None,Moderate-term on-the-job training
47-5000,Extraction Workers,,100,110,0.9,0,0,30,,,,,
49-0000,"Installation, Maintenance, and Repair Occupations",,5900,7900,3.4,200,140,3410,11.60,18.90,,,
49-1000,"Supervisors of Installation, Maintenance, and Repair Workers",,560,730,3,20,20,320,,,,,
49-1011,"First-Line Supervisors of Mechanics, Installers, and Repairers",5,560,730,3,20,20,320,17.00,29.00,High school diploma or equivalent,Less than 5 years,None
49-2000,"Electrical and Electronic Equipment Mechanics, Installers, and Repairers",,630,810,2.7,20,10,290,,,,,
49-2011,"Computer, Automated Teller, and Office Machine Repairers",2,130,140,1.3,0,0,40,11.60,17.00,"Some college, no degree",None,None
49-2094,"Electrical and Electronics Repairers, Commercial and Industrial Equipment",3,130,170,3.6,0,0,70,23.70,28.30,Postsecondary non-degree award,None,Long-term on-the-job training
49-2098,Security and Fire Alarm Systems Installers,3,110,140,3,0,0,60,14.80,17.60,High school diploma or equivalent,None,Moderate-term on-the-job training
49-3000,"Vehicle and Mobile Equipment Mechanics, Installers, and Repairers",,1910,2490,3,60,50,1060,,,,,
49-3021,Automotive Body and Related Repairers,4,190,240,3,10,0,90,15.60,20.30,High school diploma or equivalent,None,Moderate-term on-the-job training
49-3023,Automotive Service Technicians and Mechanics,4,1070,1390,2.9,30,30,590,9.40,16.00,High school diploma or equivalent,None,Long-term on-the-job training
49-3031,Bus and Truck Mechanics and Diesel Engine Specialists,4,220,290,3,10,10,110,15.10,19.20,High school diploma or equivalent,None,Long-term on-the-job training
49-3042,"Mobile Heavy Equipment Mechanics, Except Engines",4,100,140,4.1,0,0,70,17.90,22.10,High school diploma or equivalent,None,Long-term on-the-job training
49-3093,Tire Repairers and Changers,3,100,130,3.1,0,0,60,10.10,13.20,High school diploma or equivalent,None,Short-term on-the-job training
49-9000,"Other Installation, Maintenance, and Repair Occupations",,2800,3880,3.9,110,70,1750,,,,,
49-9021,"Heating, Air Conditioning, and Refrigeration Mechanics and Installers",4,370,650,7.7,30,10,380,12.70,18.20,Postsecondary non-degree award,None,Long-term on-the-job training
49-9041,Industrial Machinery Mechanics,5,380,530,3.9,20,10,260,17.00,21.30,High school diploma or equivalent,None,Long-term on-the-job training
49-9043,"Maintenance Workers, Machinery",3,120,150,3.2,0,0,50,13.50,22.00,High school diploma or equivalent,None,Moderate-term on-the-job training
49-9051,Electrical Power-Line Installers and Repairers,3,130,160,2.5,0,0,80,16.60,29.60,High school diploma or equivalent,None,Long-term on-the-job training
49-9052,Telecommunications Line Installers and Repairers,4,160,240,4.9,10,0,120,14.00,18.10,High school diploma or equivalent,None,Long-term on-the-job training
49-9062,Medical Equipment Repairers,4,60,90,5.9,0,0,50,13.10,22.00,Associate's degree,None,Moderate-term on-the-job training
49-9071,"Maintenance and Repair Workers, General",3,1030,1340,3,30,20,510,9.90,15.30,High school diploma or equivalent,None,Long-term on-the-job training
49-9094,Locksmiths and Safe Repairers,3,90,110,2.6,0,0,50,14.70,20.70,High school diploma or equivalent,None,Long-term on-the-job training
49-9098,"Helpers--Installation, Maintenance, and Repair Workers",1,80,110,3.3,0,0,50,8.10,11.10,High school diploma or equivalent,None,Moderate-term on-the-job training
51-0000,Production Occupations,,13060,15990,2.2,300,260,5530,9.80,13.90,,,
51-1000,Supervisors of Production Workers,,910,1110,2.2,20,10,330,,,,,
51-1011,First-Line Supervisors of Production and Operating Workers,5,910,1110,2.2,20,10,330,15.60,22.90,Postsecondary non-degree award,Less than 5 years,None
51-2000,Assemblers and Fabricators,,2240,2850,2.7,60,40,1000,,,,,
51-2022,Electrical and Electronic Equipment Assemblers,4,370,500,3.6,10,0,180,13.20,16.00,High school diploma or equivalent,None,Short-term on-the-job training
51-2041,Structural Metal Fabricators and Fitters,3,220,250,1.5,0,10,120,14.20,17.80,High school diploma or equivalent,None,Moderate-term on-the-job training
51-2092,Team Assemblers,3,1240,1530,2.4,30,20,490,10.10,11.90,High school diploma or equivalent,None,Moderate-term on-the-job training
51-2099,"Assemblers and Fabricators, All Other",,270,360,3.4,10,0,130,8.80,10.90,High school diploma or equivalent,None,Moderate-term on-the-job training
51-3000,Food Processing Workers,,930,1120,2,20,20,430,,,,,
51-3011,Bakers,1,330,410,2.5,10,10,160,8.70,11.50,Less than high school,None,Long-term on-the-job training
51-3021,Butchers and Meat Cutters,0,130,160,1.7,0,0,60,10.60,14.00,Less than high school,None,Long-term on-the-job training
51-3091,"Food and Tobacco Roasting, Baking, and Drying Machine Operators and Tenders",0,110,120,1.2,0,0,40,9.70,10.80,Less than high school,None,Moderate-term on-the-job training
51-3092,Food Batchmakers,0,80,100,2,0,0,40,9.20,11.20,High school diploma or equivalent,None,Moderate-term on-the-job training
51-4000,Metal Workers and Plastic Workers,,2770,3310,2,60,50,1070,,,,,
51-4011,"Computer-Controlled Machine Tool Operators, Metal and Plastic",3,70,100,4,0,0,50,13.60,16.50,High school diploma or equivalent,None,Moderate-term on-the-job training
51-4031,"Cutting, Punching, and Press Machine Setters, Operators, and Tenders, Metal and Plastic",0,520,570,0.8,0,0,90,10.90,13.20,High school diploma or equivalent,None,Moderate-term on-the-job training
51-4033,"Grinding, Lapping, Polishing, and Buffing Machine Tool Setters, Operators, and Tenders, Metal and Plastic",0,140,130,-0.3,0,0,30,11.30,14.10,High school diploma or equivalent,None,Moderate-term on-the-job training
51-4041,Machinists,4,400,510,2.6,10,10,200,15.20,20.60,High school diploma or equivalent,None,Long-term on-the-job training
51-4072,"Molding, Coremaking, and Casting Machine Setters, Operators, and Tenders, Metal and Plastic",3,130,160,2.8,0,0,50,12.90,13.60,High school diploma or equivalent,None,Moderate-term on-the-job training
51-4121,"Welders, Cutters, Solderers, and Brazers",3,780,1020,3,20,20,430,10.80,15.10,High school diploma or equivalent,None,Moderate-term on-the-job training
51-5100,Printing Workers,,660,740,1.2,10,10,210,,,,,
51-5111,Prepress Technicians and Workers,0,110,130,1.6,0,0,40,9.10,14.30,Postsecondary non-degree award,None,None
51-5112,Printing Press Operators,3,420,480,1.6,10,10,140,9.70,14.00,High school diploma or equivalent,None,Moderate-term on-the-job training
51-5113,Print Binding and Finishing Workers,0,140,130,-0.3,0,0,20,9.40,13.30,High school diploma or equivalent,None,Short-term on-the-job training
51-6000,"Textile, Apparel, and Furnishings Workers",,780,980,2.6,20,10,330,,,,,
51-6031,Sewing Machine Operators,0,190,210,1.2,0,0,30,8.20,10.00,Less than high school,None,Short-term on-the-job training
51-7000,Woodworkers,,630,830,3.1,20,10,260,,,,,
51-7011,Cabinetmakers and Bench Carpenters,4,330,430,3.3,10,0,130,11.60,15.60,High school diploma or equivalent,None,Moderate-term on-the-job training
51-7021,Furniture Finishers,3,60,90,3.4,0,0,30,11.10,14.60,High school diploma or equivalent,None,Short-term on-the-job training
51-7042,"Woodworking Machine Setters, Operators, and Tenders, Except Sawing",3,160,200,2.9,0,0,50,9.40,13.20,High school diploma or equivalent,None,Short-term on-the-job training
51-8000,Plant and System Operators,,240,310,2.8,10,10,150,,,,,
51-8031,Water and Wastewater Treatment Plant and System Operators,4,170,220,2.7,10,10,110,13.30,17.90,High school diploma or equivalent,None,Long-term on-the-job training
51-9000,Other Production Occupations,,3900,4750,2.2,90,90,1760,,,,,
51-9023,"Mixing and Blending Machine Setters, Operators, and Tenders",2,190,200,0.7,0,10,70,10.30,15.50,High school diploma or equivalent,None,Moderate-term on-the-job training
51-9061,"Inspectors, Testers, Sorters, Samplers, and Weighers",3,450,580,2.8,10,10,230,10.50,14.80,High school diploma or equivalent,None,Moderate-term on-the-job training
51-9071,Jewelers and Precious Stone and Metal Workers,0,100,110,0.5,0,0,30,10.50,14.00,High school diploma or equivalent,None,Long-term on-the-job training
51-9081,Dental Laboratory Technicians,4,130,180,4.6,10,0,100,10.90,15.60,High school diploma or equivalent,None,Moderate-term on-the-job training
51-9111,Packaging and Filling Machine Operators and Tenders,1,1010,1220,2,20,20,440,9.00,10.90,High school diploma or equivalent,None,Moderate-term on-the-job training
51-9121,"Coating, Painting, and Spraying Machine Setters, Operators, and Tenders",3,230,290,2.4,10,0,100,11.60,14.10,High school diploma or equivalent,None,Moderate-term on-the-job training
51-9151,Photographic Process Workers and Processing Machine Operators,0,60,80,1.9,0,0,30,9.40,12.10,High school diploma or equivalent,None,Short-term on-the-job training
51-9195,"Molders, Shapers, and Casters, Except Metal and Plastic",3,90,120,3.5,0,0,60,12.80,16.10,High school diploma or equivalent,None,Long-term on-the-job training
51-9196,"Paper Goods Machine Setters, Operators, and Tenders",4,200,290,4.5,10,0,110,8.40,16.30,High school diploma or equivalent,None,Moderate-term on-the-job training
51-9198,Helpers--Production Workers,1,270,340,2.7,10,10,120,9.10,11.00,Less than high school,None,Short-term on-the-job training
51-9199,"Production Workers, All Other",,190,230,2.5,10,10,90,8.80,13.80,High school diploma or equivalent,None,Moderate-term on-the-job training
53-0000,Transportation and Material Moving Occupations,,7830,10200,3,240,180,4180,8.60,12.30,,,
53-1000,Supervisors of Transportation and Material Moving Workers,,250,320,3.1,10,10,140,,,,,
53-1021,"First-Line Supervisors of Helpers, Laborers, and Material Movers, Hand",4,160,210,3.4,10,0,100,14.00,20.10,High school diploma or equivalent,Less than 5 years,None
53-2000,Air Transportation Workers,,60,80,3.2,0,0,40,,,,,
53-2012,Commercial Pilots,2,50,70,3.1,0,0,30,37068.00,45680.00,High school diploma or equivalent,None,Moderate-term on-the-job training
53-3000,Motor Vehicle Operators,,3250,4280,3.2,100,50,1550,,,,,
53-3021,"Bus Drivers, Transit and Intercity",,40,50,2.9,0,0,20,10.40,12.10,High school diploma or equivalent,None,Moderate-term on-the-job training
53-3022,"Bus Drivers, School or Special Client",1,190,260,3.6,10,0,110,12.00,13.70,High school diploma or equivalent,None,Short-term on-the-job training
53-3031,Driver/Sales Workers,1,310,400,2.8,10,10,140,8.20,8.90,High school diploma or equivalent,None,Short-term on-the-job training
53-3032,Heavy and Tractor-Trailer Truck Drivers,4,1430,1830,2.7,40,20,620,15.80,19.10,Postsecondary non-degree award,None,Short-term on-the-job training
53-3033,Light Truck or Delivery Services Drivers,1,1020,1340,3.2,30,20,490,8.20,11.70,High school diploma or equivalent,None,Short-term on-the-job training
53-3041,Taxi Drivers and Chauffeurs,3,220,360,6.3,10,0,170,9.90,12.80,Less than high school,None,Short-term on-the-job training
53-6000,Other Transportation Workers,,310,430,3.8,10,10,220,,,,,
53-6021,Parking Lot Attendants,,40,50,2.6,0,0,30,8.10,9.10,Less than high school,None,Short-term on-the-job training
53-6031,Automotive and Watercraft Service Attendants,1,190,260,4.1,10,10,130,8.10,9.70,Less than high school,None,Short-term on-the-job training
53-7000,Material Moving Workers,,3850,4980,2.9,110,110,2200,,,,,
53-7051,Industrial Truck and Tractor Operators,3,460,530,1.5,10,10,180,10.50,13.90,Less than high school,None,Short-term on-the-job training
53-7061,Cleaners of Vehicles and Equipment,1,570,750,3.1,20,20,340,8.10,9.10,Less than high school,None,Short-term on-the-job training
53-7062,"Laborers and Freight, Stock, and Material Movers, Hand",1,1650,2210,3.4,60,50,1070,8.80,11.50,Less than high school,None,Short-term on-the-job training
53-7064,"Packers and Packagers, Hand",1,1000,1270,2.6,30,30,530,8.20,9.50,Less than high school,None,Short-term on-the-job training
53-7081,Refuse and Recyclable Material Collectors,3,70,90,3.1,0,0,40,12.20,15.90,Less than high school,None,Short-term on-the-job training
